soc,soh,cell_delta_mv,battery_temp_c,ambient_temp_c,headwind_ms,precipitation_mm,avg_gradient_deg,elevation_gain_m,regen_opportunity_pct,cargo_mass_kg,passenger_count,driver_aggression,hvac_usage,avg_highway_speed,time_of_day,route_type_highway,route_type_urban,route_type_rural,actual_range_km,epsilon
0.4245769093395735,0.9284063292308575,8.916436421462986,19.232286694316674,14.54838357090182,-0.2858865971608563,4.723071097370116,1.416217353377181,222.69638512334052,0.3170710691478684,12.300329512374564,4,0.8131296782842978,0.045918770900512045,65.65608628754853,14,0,0,1,131.06003523423453,-3.5660116957012065
0.9546571618971229,0.8168279929990098,5.063011524898277,32.55391225825756,28.239622584198262,0.8370645773110177,3.4162401414482293,1.9134046335891681,10.036381438539765,0.06313237078225137,55.86423964504254,2,0.8667522551483545,0.9107213328559551,95.30146299729618,15,1,0,0,183.90184918159875,-1.020566156955823
0.7534344264664927,0.8323257428189228,7.045858913884892,30.00917187624381,16.370731783944475,1.8236895291496176,2.4858738200421366,-1.571978921015899,72.46847257518858,0.338088781037717,34.316735317265824,3,1.0624139195589934,0.31368246974610675,85.92777798589597,12,1,0,0,871.9378844454131,-68.71641856569579
0.6307658054612737,0.9797108377054159,4.069199730219632,15.224447552014489,16.80362113754253,0.5598273694690743,3.089236201006069,-2.662465907115556,143.259083187309,0.1625520077158495,72.9173487549448,3,1.0299863340126783,0.1849564707650163,92.33283638932494,16,1,0,0,855.9389316461454,-71.01321185044833
0.2235371492070416,0.921285811931918,5.972499057465327,25.993323054292258,10.63665345343373,-1.3393008436515847,4.344524922393591,-3.672410746206593,0.0,0.3431635983430487,65.22916485919397,5,0.8760131625190207,0.3459850420460808,91.6602360848374,2,1,0,0,290.30148725473134,-18.610918751502084
0.22351495870930643,0.801839410323326,4.609570836896946,32.51387123371789,14.31665251534719,0.5822699786949228,2.8530487331941483,1.0159826538250873,0.0,0.03482057408120287,84.56043629899068,5,1.481475516786244,0.09978328171729292,91.88549733265477,19,1,0,0,51.71671268523176,-12.078848337662649
0.1334369231947435,0.8202943085732065,5.290987894978154,8.305947188786282,18.69362122670471,3.220895249579316,0.1519352984841843,-2.206733212347747,0.0,0.0874407185879797,69.24928266692253,1,1.0345188207829732,0.28684822738887744,99.2355109404383,10,1,0,0,161.45884777729603,-2.7274751979562666
0.8768820541129404,0.9327003538216112,6.785471076310741,30.43360192379935,-5.522020711879504,-3.0795458982331807,4.654743477534889,-4.305781185904966,176.2584103427182,0.42786862945289317,42.99310773901481,1,0.9114549895630676,0.88267021347108,81.52239552591031,20,0,0,1,1134.9086633345555,-91.89363986188596
0.6330258108037521,0.8010123167692438,2.5453379502995825,18.373762410541534,-1.1782250652685562,0.398909022440628,3.447633755157806,0.7771572090619282,0.0,0.11358977851175744,67.29666223944324,1,1.030323765472126,0.8468875223511603,98.53618889303465,18,1,0,0,164.86440040977365,-14.39537375785335
0.7314267715723619,0.8321616102834998,11.27716182705638,30.70598668593159,23.91916912827258,-2.1003624448175198,3.3825669288862326,4.985999034865581,305.81992856682524,0.41852056262147,27.538117425541852,5,1.005085340522327,0.3029857781802871,108.4878732467686,21,1,0,0,69.4653205363463,-5.246657751287827
0.09893773475213825,0.9097467578733173,1.981947855500894,17.36740843457483,17.050385257535304,3.5851398867745274,1.0783757619885859,-0.012141823079786647,0.0,0.13963804422720522,30.63134987782127,5,1.0375605095782177,0.11802893970572376,68.84788492529515,10,0,0,1,73.56855626932133,-4.212081973158789
0.9723170639890348,0.9383790395385386,1.3574341616368035,6.95117899335481,12.79219996376785,-4.569560714351324,3.2944273511632858,1.6769815489032838,68.4551303197037,0.3214409550293538,78.89851599207933,5,0.6812565969297933,0.11954285410361232,78.29189852656012,15,0,0,1,270.46070097547044,4.422702150139514
0.845847229536388,0.9303922519005201,8.474332620500203,8.724575621168373,15.221207196784718,-1.6767655418147651,1.9693220282707924,0.16365871709513002,204.21099525678756,0.3470752867549155,44.64195164015822,3,1.2583893393133732,0.04282287142167443,78.92196861748221,20,0,0,1,453.6607881072533,-64.00837252433564
0.27535198182401405,0.844853861892112,7.374988081888808,25.48084946661382,19.17098046434005,1.1316356251935626,3.2561648852074603,-0.19777930638228533,250.6092888159123,0.25632737657252647,79.83803405183525,5,1.26976588408783,0.1760232186037595,73.61931300823561,2,0,0,1,201.89293421827102,-34.110179664360345
0.24727896983053257,0.9424358442695072,6.872359451156465,27.597225017214818,8.522883836287662,4.6965720877030215,0.5329651515399536,1.8381529659755371,256.1503576636398,0.15265533834836564,82.24223736682784,3,1.294064154407297,0.6012563624192488,82.87953345544412,21,0,0,1,54.056247001372725,-5.021361959340915
0.2487321490651591,0.8474498174993601,6.88503652779284,15.956833748955914,5.6603432951722485,-0.1972507832189634,3.2892265230151803,-0.5805490883773027,170.83662305931423,0.10632218818554806,85.75623376612837,1,1.0650863517072595,0.6696973606581518,105.49677773099761,5,1,0,0,157.60032359268726,-14.192451993243338
0.35990286352277473,0.8650799396318536,4.963259681459256,31.38592458777374,17.35014306117218,-1.6655985800795947,4.997068628853333,0.5347846281438059,152.40625258114625,0.01659467728121311,91.66352358412072,1,1.1324962120329032,0.24151879677163846,111.71380386768642,13,1,0,0,101.21424230587172,-19.509449717045015
0.5627759171016589,0.9492982810236048,2.3082368855425055,8.3847993773104,3.2595266686196154,5.6434712083217695,0.24106019430278014,0.6433956123920272,109.25269492011832,0.1519732006203619,43.098522051329624,1,0.82675461039855,0.7766985966550828,91.59262454619753,23,1,0,0,215.8523907325138,6.363274664908232
0.4773894171507465,0.9299265798094429,5.227413674581179,24.339202013526833,19.89903306857366,-4.344041701248732,4.885870921106586,-1.3361809072860975,127.83610761666378,0.3265813952656415,31.886681832113883,2,1.166579865719478,0.32899785971609086,85.13645983727699,17,1,0,0,568.360926554971,-97.54473533735461
0.3479308089821986,0.9698446820988356,2.968514865463665,12.889838002375436,-5.431003250854085,-6.596417869860246,2.034539803614353,1.9840846990730456,0.0,0.46915240922424134,58.21987465941139,2,1.0503575413787878,0.758283185429517,102.0438595362099,16,1,0,0,76.04048161277288,-0.34243674707376215
0.6429046631445892,0.9315225784600687,7.925359200253253,18.48163892197841,27.349867647907722,1.320043350159997,4.353767251686296,-0.3499195133908173,0.0,0.435602241131526,37.117242343762754,4,0.9079186768721516,0.1943269715650526,60.0,3,0,1,0,835.8879313630721,-62.43238291160242
0.2083343517998785,0.9136617206670944,4.558827855493584,25.47398671316414,20.671169788956515,-1.5061626730578335,3.9119274202913674,-1.5114903189856894,49.6625542589048,0.3830323882676513,60.1074166800233,4,1.1729489383281682,0.046769414210156596,74.17232291845262,22,0,0,1,249.4828879156296,-36.03779559368161
0.3487730766524007,0.8187349535656185,2.5235084096224654,16.395866347160474,18.072356811766507,-3.0636984513921397,2.8350813049333388,1.073019687140807,32.981537747507154,0.39422367162664934,70.55858626438246,4,1.1806898072182201,0.272861264624654,60.0,14,0,1,0,105.29776778904785,-12.406079149868802
0.4170528958301964,0.8735431606118867,4.03584247504102,21.154444557701748,26.792291807346167,2.12506934189806,3.6922460462566327,-1.7969359635820745,4.677195067272483,0.33249245173799763,68.84050184921368,2,1.0121217671349867,0.3799598672984304,74.01450423966837,10,0,0,1,500.6439964437566,-45.826560705018096
0.4995843854796731,0.8530404735363452,6.238794362826874,35.0629280921444,34.98569333355092,0.7314021413135965,4.39257780650674,0.056362314738256494,119.63874474567154,0.1301434287830015,37.45528870201213,2,1.0876765160256807,0.738824947399758,78.49473709646999,2,0,0,1,236.41485394287605,-24.61911797607786
0.8023618844815725,0.8487979286758167,3.308826341588075,19.231081304768512,27.172440780217563,-1.692235892210185,2.0207016082551648,-0.018237993288407087,145.53052085705107,0.4535975153529149,16.68602016987528,4,0.7936565976132879,0.29355325232101653,112.16522816906517,2,1,0,0,369.14865606072783,8.264658693964407
0.26369987958569097,0.9946021109504891,2.5333388133007055,33.35692112065142,-7.0904907759797435,-3.840913196012683,1.6351658078161935,2.171791131663156,58.84068862918473,0.335366155952917,43.05293384622075,4,1.2486366874428716,0.9967091523916998,60.0,15,0,1,0,56.73663202185088,-6.433174614377968
0.5530956833405227,0.8786195449333521,5.731061634475737,13.702931453423819,-0.35492360082841845,2.617371984840434,3.3379669278179236,0.9493964657599056,197.75300810552616,0.28022031549022,14.259414408190874,5,0.8202373623930197,0.8656806852287142,83.74946099648498,4,0,0,1,164.12949906494555,-7.631564515232185
0.6250214033530791,0.9784093110354226,5.734899713326168,30.29804177915283,7.5021770676518535,1.9506035338759828,4.039229709706293,-0.050053917490287834,0.0,0.05549473460674054,89.00970351838083,4,0.8589148703841648,0.6796983817633256,99.2934970826716,20,1,0,0,321.29831166567993,-19.925962410827708
0.12273437970239791,0.9262277251994526,3.4791704738866107,39.415686206579004,15.313092602530006,-0.2975275913381487,3.811425673883079,1.6355325984005742,30.63405407202819,0.2235277719032127,34.58774607378574,5,1.0124631290861075,0.14205265910152504,96.1609599490364,9,1,0,0,27.9310551109517,-3.041584339933344
0.6389412637493234,0.9589622607083297,3.586885083145032,0.2835549987271069,21.211908245629477,5.5399109881429975,3.9890682442931724,2.7804150980346267,0.0,0.23017913560096315,15.445974722332378,3,1.222903256843692,0.018099675607555144,111.9260720030234,18,1,0,0,94.46408961630276,-18.38979704202238
0.2368821937923082,0.9005274186210385,5.696149812072909,17.031047445295233,6.2910742421584125,-3.210254298978458,2.177916574064665,1.1156206127037245,0.0,0.432281804761335,2.5447759905750877,2,1.2227897266431322,0.825022080509219,92.41577217894883,3,1,0,0,57.32314775326242,-10.155815126522171
0.13984746554645716,0.9153807769252719,0.6557469755080276,30.7707212718054,17.24120117372494,-4.576575512774216,4.089171080875108,0.020705239686761214,41.731931415730074,0.27332411009389423,64.58223862864843,4,0.999035075618974,0.0060707529147307595,95.61417270721718,18,1,0,0,72.5948423496217,-6.768536193117143
0.9529746942730666,0.8985035387637728,0.7776086768703343,22.969546139570074,5.9354048117601295,-2.075724209643733,0.6010452768530422,-2.623672464700319,37.82524916167165,0.19020027448520482,63.69023174547432,2,1.1546026724507623,0.9761676829202988,62.42239752296175,10,0,1,0,1209.9243179526215,-74.45238478239048
0.9683814704285947,0.8390485975596089,2.8446673362426917,28.711458733713087,7.661786364096621,-0.13675804906649341,2.722445489804248,-2.130227326150745,201.3449743242131,0.48840016425532967,34.060416658129164,2,0.6621883101342207,0.6063292687987283,75.17596712734786,1,0,0,1,1279.5714137786867,60.792741779950575
0.8237255602671443,0.9444904230523011,4.359658544864458,18.960148132841795,-1.8799331621786672,0.7300183479680755,0.028793302490607853,-0.6104494087093353,113.08116845547775,0.05536029666315784,7.171188884765101,2,0.8561360019740895,0.8091040566247479,63.25942884827965,9,0,1,0,1206.0230196523714,39.021665308808224
0.360244667639501,0.8561544724881712,5.932722696794014,25.865897874729,3.9212010466691485,-0.7237081735689896,1.6229291495013514,-1.2190244043185663,0.0,0.2112742141559723,40.9628894895232,3,0.8602099121072798,0.7883469424892707,98.58912161871149,10,1,0,0,459.13402846350687,-3.5035966208535
0.16985834488587317,0.8048631932862909,9.426068650848656,23.443227646079205,-1.2202152673960036,1.0561661895428904,1.8323076743569895,-0.373942605970892,235.40925663341883,0.021012337585702645,31.12174950633936,1,1.2504425819519636,0.8624220087902816,95.23035677635869,19,1,0,0,89.4752895734412,-14.441374689035683
0.7094943843911844,0.9290944591814336,7.572978869606058,36.677820616598076,3.289520964272007,-3.754618272571333,1.980863458046277,0.11329984979421433,172.1033695525353,0.3699520603834652,67.71206397350093,4,1.1309308325816017,0.8238315417861368,94.70306950925273,15,1,0,0,317.19390748064507,-25.185232774723886
0.4849402942404332,0.8354221358814098,4.520184410109719,27.54420843301213,27.643701559294072,4.331293812219779,3.477336033449311,1.0593855087134616,108.20977034686157,0.4590382760995753,60.57792494526903,1,1.0369305551809203,0.22423192360041946,76.77849587312889,18,0,0,1,137.08870144045747,-17.267199554312754
0.19227517605719652,0.9880917168705828,4.9429513762919335,28.37602662075202,3.607213334016684,-0.2464535351777065,1.9427905063517286,-0.14099755611818243,27.351590115016812,0.14001866477524472,36.459372819754,1,1.0563470127658747,0.8632330338996761,75.40575331025002,22,0,0,1,132.88840120218663,-8.049240674653248
0.5355627573023686,0.9907857154005175,1.9924119060865735,20.881230338775325,40.0,3.3518874947643837,2.2434681131126535,0.9730032876524038,0.0,0.42917083839956044,21.78925542549901,1,1.3136678552060248,0.6468046899431784,93.14170398444627,23,1,0,0,156.44682833644507,-20.935467618734833
0.11163743942600092,0.9829728780440897,4.94446059202283,20.123937759275066,20.91981481057067,1.0281760391331125,1.1877206543716374,0.12894882962024048,12.77932239289471,0.14610911523094888,98.80359661555919,2,0.9659640666986897,0.10157510876947846,79.95920920843298,10,0,0,1,71.67853695679247,-1.8861765621233246
0.9165747699124795,0.8740317400510889,4.134024083239586,20.67441812180379,17.218033484338488,1.3702596574613517,1.8662589581467004,-3.9509331327077426,158.87486197041858,0.4553850808219576,45.40016211961149,5,0.737186538293192,0.31199533076421776,74.69393154251645,13,0,0,1,1255.6522995827113,53.979138032414994
0.31807758307201556,0.8030913233057735,5.968155681014268,28.94452142378297,4.6997066378254395,1.709301840696611,1.1363481363157573,-1.8786707876375086,238.45863059346087,0.37698095179839197,68.82742357802371,2,1.2174390368790609,0.8794122500836549,82.37415943112897,1,0,0,1,348.9272840791567,-34.24073657565384
0.6895205016056635,0.985663712517545,2.5183071693430312,20.79015519179737,23.403718552907893,1.3431256800519444,0.3659796188422182,-0.28817511144323094,204.3243528272189,0.4024533884207193,14.055296757836079,2,1.036367807441012,0.03026444156164434,80.08886945947037,22,0,0,1,696.0602690028373,-8.501738702300713
0.3667741900022581,0.8856368296634629,6.558039542723517,27.89774856896413,8.092346085146712,1.9281682796026316,3.0172429669068896,-2.419389485682215,1.1150578213725892,0.00900327780022725,48.55896996593978,1,1.1907343356331561,0.8055402938306392,76.9991553805732,4,0,0,1,426.97107588037534,-60.272020373601265
0.558462579483586,0.9933309638087339,9.598216739007732,45.0,16.464117775744338,3.987457590397294,3.3410639927750814,1.199857459992409,0.0,0.481405178537013,2.7536719869465487,2,0.9910470385226985,0.03686718338897293,71.61348274863597,4,0,0,1,184.9080385830803,-18.24604062639719
0.5829734569958173,0.9927239954178506,4.673719554629427,33.711247034316926,40.0,0.5895635091044104,3.0974517300480726,3.0615016646873947,64.08862469112039,0.36333549603516163,50.545511791044994,1,0.8322620952592213,0.9559534905893946,96.7303465250836,18,1,0,0,101.85941342382537,0.2141057820451806
0.25006609908348487,0.9706018910934721,6.205135166296825,21.73976467832159,13.8472812033042,2.127011272765537,2.3174702190028618,2.4375237033946333,0.0,0.15237554769306666,96.40174071177023,5,1.0805643442165953,0.09051010032663993,113.34074159215585,20,1,0,0,43.85868176329901,-4.441998484406653
0.9720178575433939,0.8588897784139171,7.070431975133338,37.01213922163945,28.79127991542811,-0.26920708286168016,1.898928900896149,-0.426885741860416,82.31677141847814,0.41469733242942347,38.420671298580025,4,1.002035014148286,0.8040593521825293,89.4149369907202,11,1,0,0,690.8179024753623,-28.21132020026573
0.7931221974922255,0.8770195457203851,3.7963385843424913,20.919246269784487,6.561882898489351,4.320351646348419,4.316668247859126,2.981452273699904,35.23974137013313,0.14076059920746498,3.8996012574911587,1,1.036988456574882,0.8944959240535333,93.33651205454892,17,1,0,0,114.98112132019898,-10.59496069689439
0.9443390262390541,0.9702273343033714,5.67227744543125,4.618754648221461,14.58013811403646,-2.029176906177809,2.5954089256810904,0.29733491440422344,3.3963498131757754,0.436376919783064,3.095579091934353,5,1.3233140988234833,0.27988208243979046,98.04566778902556,3,1,0,0,385.8291209606709,-70.42620221622968
0.903241162393437,0.8633844010312556,5.037777202345384,14.919136890825959,36.24960762762612,5.402821298732447,2.395909388148655,-0.6741719422360793,0.0,0.05629019520596851,38.798675994686946,4,0.7802595045230599,0.947842432989911,95.49848635789682,21,1,0,0,831.6320437949271,1.1535546784268718
0.6300679805061984,0.8338985493372185,5.293028295646495,6.292080789741443,7.476395306546792,-0.12047385193303023,0.12821032903217844,-1.2268053270818795,101.36001065697165,0.3518429887303979,16.002493646319405,3,1.0571837320951964,0.7611103332931599,77.29631507524532,16,0,0,1,764.3532799527942,-23.765882439130337
0.9281242962212676,0.9113602524916701,2.6809706484336004,21.484865159586914,36.74938269596314,-4.292325306354145,1.7062391381307818,-0.6049393729762567,0.0,0.27034923832245517,2.335209632818591,1,0.8362006619682646,0.9880941377659507,115.79769316653878,9,1,0,0,613.5003134179796,6.56399452814901
0.16141310188776595,0.9872309548321562,5.073530522776828,25.184183791895517,23.493023225465706,0.38431324473236783,1.9009780939292853,-0.7763536370824575,0.0,0.04826723509772041,75.62136139501769,1,0.5,0.34924353710569106,78.64034229483059,19,0,0,1,268.7909285573846,29.762912508765652
0.2603042334256136,0.9392059593349946,6.493994873736348,41.76437312275283,8.250398689268788,-2.0431549724246425,1.9941139044845024,0.3408324447509754,0.0,0.12094691412941949,45.85230088818907,3,0.9902069621955553,0.8966410477807142,99.72132546990613,5,1,0,0,104.49561641012298,-2.0296166018970325
0.12160910579769503,0.914012234017873,9.353430823385125,28.269273737641626,22.58889286866625,2.521930646966173,2.9008618461366615,0.3211479620997292,47.24850949493637,0.006202018138657395,28.924477197265453,3,1.0062045873999614,0.29926433055507423,97.95286961014368,13,1,0,0,52.40643965283748,-2.170204422641916
0.37930390430220323,0.8194352987541538,7.8778124782556205,22.808994711911357,26.670653395520755,-1.9578719379071734,2.6680127336343924,0.006092040306828939,227.2251596669744,0.23438398273225292,90.00831830164807,1,1.1247044205901517,0.22450227122996963,60.62337686798043,10,0,1,0,257.3915093593527,-30.3593855142974
0.43758310651432347,0.923001445339834,11.459547372534669,33.294055811834895,22.461719546606357,-1.3385502996443392,3.039525463967223,0.8738763394926997,216.125921454787,0.1506326303800002,11.613896020052561,3,0.9564918502832113,0.09849766438824004,84.6173037463062,10,0,0,1,145.9867660799222,-15.023707008150751
0.32964110923198425,0.9980107700208527,2.6979573113358515,2.8886469099211487,-3.842696638685477,-5.668622192836593,3.8244163077106412,2.3812925495726827,4.290374341372816,0.2991787421488794,95.59188289553192,2,0.7021999289752056,0.6661209144551845,90.84942677718256,17,1,0,0,66.84628442612838,-2.531550944674038
0.8424385084197751,0.8280168030473049,7.6169619101620345,27.35614558108566,6.274353890101577,-1.3569189577472303,4.064928693580468,1.8991082708826474,0.0,0.1486189038543086,31.396671737735282,4,0.8355136845490274,0.9417043155989343,91.99726817136428,22,1,0,0,157.7195989114471,-10.444455308790623
0.40821306055810214,0.9036659304727473,5.550026017215055,32.70865193886967,12.029776373381942,-7.27163797988687,3.590615381132472,-2.969795936899807,96.87742560750237,0.14995955575349235,88.84036723086813,4,1.2633917673373407,0.012711393742929778,94.52130773275151,21,1,0,0,471.9700948351903,-81.36225796535763
0.33845974891239033,0.9754746143855911,11.569408799653017,10.214137542201584,14.106798850799445,-4.75170847045717,4.777618479774674,-5.10784226980391,0.0,0.3715965993658017,60.294287647946156,4,0.8326744141418737,0.31282030770550334,101.36494309409964,17,1,0,0,465.81007312316507,-29.42826645987185
0.5792803965055886,0.9481537235508409,2.575105143934546,36.43754043206929,22.448065170608135,2.281243968432892,0.09116291338180815,1.8686398224785474,80.17918998194659,0.024071417989176724,82.67073597414874,2,1.3166451059385014,0.0960282961950266,89.88726953593833,23,1,0,0,126.13096982602835,-16.310782587751987
0.20965028697678165,0.9394031481990536,2.480834473457672,28.38496407494414,17.132412011199047,2.3574004759524967,0.9788899284177305,-2.733757396830842,126.60802783846903,0.4514474975959936,98.40131632104642,3,1.2099968585142766,0.057723680288641215,95.31926352026916,22,1,0,0,271.86416017380424,-23.55504923643133
0.8180212222937165,0.9404968167974219,3.2018220636679335,20.847120860991986,-1.0241323045212152,1.2763726853548942,0.0378143748907106,-0.4495308037853671,172.69332238843077,0.4261319371955907,28.840543781874572,5,0.936443879132786,0.8306456028518872,89.32568119841426,10,1,0,0,690.0791662927768,9.897261634476877
0.14858659218538917,0.8718982302439511,0.0,31.32781866106285,19.562374212071557,-2.9009284293876387,3.237373570773015,-2.340226052118719,39.984592352004725,0.33390234161320326,96.1135485407593,3,0.8541841673794602,0.010900004780326045,74.7399951486784,20,0,0,1,191.13684819098825,-3.191731955642581
0.987935981672476,0.8587183688528987,3.4227349349577167,45.0,22.327028943405878,-0.14313406842593956,4.490152744749935,-3.6039608751600394,29.632624982303412,0.29661078505369215,38.94818949024204,1,1.2095825938261158,0.20943459408858117,90.4860216205451,11,1,0,0,1085.4733533051462,-187.06480876416754
0.7904651877529248,0.9618722310957027,2.7226020153389063,26.81866255058495,21.71748537517248,-0.010807617271705209,1.2174114828814964,1.082925456409576,0.0,0.4461512490698261,38.55119047369223,4,0.951817750981276,0.0873039490774918,101.23634766379604,4,1,0,0,246.5361948246352,-1.6040030664799758
0.26281842701143865,0.9620226789358362,5.451181359428623,27.48220586300336,27.969368706655462,-3.475094067577627,4.635172723981533,1.5183103206052937,0.0,0.09266508976435722,34.03871042545057,3,0.6908699720600083,0.39577270631185263,106.63182573713047,22,1,0,0,73.11838125425345,5.179363773475643
0.0850803477537142,0.9734144637160207,6.025267927331479,20.40639100459756,25.00706585458685,4.510194905301452,0.30133695144780426,-1.1530208014534389,27.352110809847325,0.039484581095414306,54.14076073475852,5,1.1124633241246515,0.2297747023488823,98.05973486316306,8,1,0,0,118.37237407122245,-5.855287550958934
0.8302245141784474,0.9826481105112943,10.628512517647659,16.501556305352082,20.51016095074124,2.6320868717270143,4.672180134027571,-5.18208458428982,86.73655068161781,0.11975508495476905,15.41450431784871,1,1.0834526895716372,0.055154107742404174,110.01525488923949,8,1,0,0,1055.153415653096,-168.57440958331676
0.7303087563398077,0.9022684797721876,7.85127151455815,33.303358165442454,14.158011462496235,-0.6628925214889918,1.758113436198172,-1.0924888965049655,141.35846262332495,0.39728913935009513,55.37114853580112,2,1.2275412405429555,0.27550501632454616,96.28297121113471,21,1,0,0,885.0810784610184,-103.32077855953457
0.7506865945977084,0.9003032589374399,3.269289033012791,16.439161740911327,-4.931531202191891,0.08065751698359233,0.5071041422460826,0.783608010805093,0.0,0.01733513336324166,54.1704812410004,2,1.0699189998720595,0.8917855079326655,102.95819732503256,9,1,0,0,220.52892820512832,-11.5666225750725
0.7895687189510701,0.959659035793355,2.3047559859549263,25.715662372193925,20.15541862959103,0.6251484238426575,2.4293587959316283,-2.957823137548257,199.26885689595218,0.2914034175417448,76.190181260487,5,0.8901706045908565,0.29807179814784573,104.0608672391968,21,1,0,0,1125.741126336751,-10.834006945016654
0.14812107959536314,0.929992786155553,6.475757514519517,20.223425532348834,17.492252245957335,-6.125204605272872,1.2838828386025396,0.3667198395583112,22.887639895743124,0.49771875809565497,83.36499619375856,1,1.2539357679204268,0.030575944415779068,86.64974188674397,18,1,0,0,65.11970690327514,-7.453132602545011
0.40978847026073084,0.9403933754515407,1.0393003789380735,29.78979825746392,18.258946046344484,-0.7415321475617908,1.4243645098096143,-0.030619698345991115,47.863270565156384,0.4278480469187697,44.044135031242405,4,1.2733980865357686,0.35835367247706384,100.89005148851503,0,1,0,0,204.6213407774122,-29.577703709401902
0.18659953476311936,0.9591585338872202,10.494376297563061,28.336621052869486,-0.3209829098437158,-2.0459527439933956,1.5364498246314329,1.1585829992021768,0.0,0.2607228445217947,30.233324935149376,3,1.0466411927970416,0.6100949383393056,75.8903265353863,6,0,0,1,51.40246790210718,-8.23337604778326
0.874055151805546,0.9780010683635133,8.53832036216386,35.375399442578995,2.0273215151008515,-3.0048600296847465,4.015129489163317,0.23916073682830652,0.0,0.03182045464332117,25.933489731709447,1,1.0120643829065945,0.7010584122485146,95.24718513823295,3,1,0,0,377.38406876502245,-30.949726349730668
0.6534342766813533,0.8675990313703071,3.5924730436858856,19.89983601145253,27.63783423999484,-0.8433008786578646,2.695806383376272,-1.946137881763111,138.40453963610497,0.4156867571928549,19.462383670487192,2,0.7353457953789789,0.020714355493126748,98.6553874000268,0,1,0,0,874.6351832072326,24.256764937883304
0.38442618286443725,0.8751165905279888,0.0,22.301250647066286,14.52533815372014,5.3930595805485675,1.5565384957800181,2.3931430033289827,123.68438970924333,0.2994892540886053,5.764758219902488,5,0.8784947315307048,0.2229242301257234,105.76642681048995,14,1,0,0,77.25671139219568,7.355080912858824
0.13847368226314175,0.8187963879681739,9.06161712249624,15.212362842176926,23.17800836847149,1.9225285838010295,3.0516689165545916,-0.31705914605394003,21.86724428817866,0.057466498529783416,34.244797883471335,5,1.1521539283918707,0.062414324535990766,102.3113895597196,7,1,0,0,76.65724178252768,-9.938160724099475
0.36610373597840923,0.9156560281992349,4.6563804642421465,20.557067399238885,15.339820513565511,-1.7135369693483904,3.580753371115968,-0.05460907901986372,56.69907172248719,0.0469286424116781,27.024769213078326,3,0.8885439399274598,0.33383638103810886,105.9617127500207,11,1,0,0,186.9248571546667,-8.687691251164182
0.3791686562646073,0.8071884547593484,8.713448935920386,28.77300493044852,15.35707367394892,1.7177483440684758,1.3631200036676687,-1.866535918146392,101.59392177040995,0.4548134097182962,96.64173858664074,5,0.7086324261213355,0.14333386266866951,88.50929504810365,21,1,0,0,480.0005258834111,20.909683268300796
0.751237684071019,0.893119603626492,0.2167170236168987,32.56988616645352,26.259405671711974,4.198066309758007,2.0677455076267575,-0.8865645023830206,0.0,0.3346001314690392,55.77088262500439,5,1.6991755579200198,0.3651569778946302,84.81910267994928,21,0,0,1,795.6833708248398,-210.73428311534872
0.666552873646796,0.9085289269415153,3.2018749311386814,15.778346758223746,8.807463261391513,2.7739010487383062,0.6094304666847378,-1.7696054280538018,0.0,0.41464339965837776,34.72770390305075,1,0.7073188083146623,0.6214057851652173,85.87651863171575,17,1,0,0,975.9168718809034,67.54302131474287
0.8962357231702205,0.857308250425657,5.015731099154549,33.6960592010566,16.153449323291802,0.1788911097605224,0.9057467476734016,-0.34589211984684604,129.4264679621827,0.43948945014113366,58.0467600993696,4,1.4513502792868236,0.07306895369586726,93.99425595672946,14,1,0,0,588.9827936342588,-97.56247953166451
0.5144377311489934,0.9181666521138022,5.140941781294226,38.55637858804951,9.452696535539488,-1.9408103331167217,3.405589269824914,3.4234169602846873,0.0,0.2858861760241611,13.91967013456955,3,0.938515311080348,0.6928222958804624,62.86879476536621,16,0,1,0,74.45915613200052,-7.621431854796981
0.19002670626323756,0.8061000499878099,3.6498035855622692,29.134349032237008,9.786045270812213,2.0946699408407703,0.9071917384781347,-2.7438022858627127,79.35579321666293,0.25872317587752064,44.40437492022029,1,0.9830874001712384,0.7061480446407902,109.9763545559183,13,1,0,0,221.53290962258393,-8.237896504138064
0.7361852042451554,0.8074696377498429,6.868549797042496,43.76795812558066,11.289934518376327,1.1804561562652491,2.6258169183353006,-3.2271227957534823,0.0,0.2152137051604951,62.62343214210638,4,0.8655443455624803,0.30475344474497756,90.65810039743462,13,1,0,0,871.3477148107269,-20.323085472217713
0.7799222447275457,0.9645201121319317,1.7971387118522169,17.26210800896427,17.665605259604554,2.6855796600831967,3.5452313086121636,2.942340654987217,96.64299824335264,0.15847329389555964,48.889783179245136,1,1.1565674329475784,0.3126022590968729,83.7749762649732,17,0,0,1,126.84656142803405,-20.191380473065323
0.5963750217639365,0.8720381282822526,4.57286154493612,12.55345296688583,9.255016540038275,1.9055154050459087,0.5343846154737192,-0.41864735430373223,46.435851770251645,0.21729798042935589,40.177880065432426,1,0.7120451573779831,0.717579640406759,60.0,19,0,1,0,630.6375575884257,31.28934130212656
0.7892898055581962,0.825412102530377,5.360886895135697,7.212797510957214,30.069073506882248,3.1486581459580054,2.836561098144518,-1.3381454773198331,0.0,0.3869398278650782,99.38483888996981,5,0.6319341927531655,0.694833883406936,89.44779740732577,17,1,0,0,1030.8670907405806,53.63305387320588
0.5342919486552395,0.9044486520109609,6.543316502176247,39.96044311489183,4.264712373365953,-1.605705634681704,1.2828139185068188,2.079809374792153,166.47393544571713,0.3009617155075658,88.0314762148927,4,1.3220343058757213,0.9794011772872779,87.02285227386366,15,1,0,0,94.43023097739201,-17.803354822501973
0.5609142030314346,0.9539987106197222,7.134844634266669,31.543656563540576,12.757540270063691,3.952182196902977,4.814634376187899,-1.2112310794737282,0.0,0.44626164497742304,62.34059581594401,3,0.8392055202386044,0.27167966048046777,76.54430354032118,0,0,0,1,760.7743988098531,-41.89274088056334
0.4733377368898657,0.8431642054993687,1.626073724486393,24.44415329089545,9.723227300709901,0.5927988140771989,2.4177282335996235,3.6520194270938724,0.0,0.22169000718959386,56.93773611822828,3,1.1492176239079368,0.8439766234384207,79.90429732309482,22,0,0,1,60.72914364331565,-3.592472400721718
0.10338559660456757,0.9245780951638001,0.39765748779313315,27.799686263198204,32.3637346122448,6.2257826178757965,4.029962748875791,1.3558517426785381,70.05691972309428,0.303544789359377,62.06604798245841,4,0.7829087846207567,0.96980898749276,89.60045033332254,10,1,0,0,28.06531239633653,0.15148036252561425
0.1792601128338401,0.8170694929987536,8.833030465695527,13.745109527016234,17.358657318138896,-2.0675634542687034,2.7511327107813086,-0.9758228162914053,164.86373494287153,0.31565377654599436,20.131210782243325,5,1.1416842085789165,0.24067286560731846,81.17645310618475,14,0,0,1,201.5100616827421,-18.191892579325582
0.10891485083179551,0.8103363442337216,5.996942035938775,45.0,27.38213447362362,5.207891409495748,0.21706266427409582,4.314616426531007,0.0,0.29584858115316276,39.51377432643186,2,1.33670929975569,0.3748435779678708,98.57817099267534,11,1,0,0,10.869739902467296,-1.5508090373658057
0.665497578362678,0.9062709263136296,2.754540390330339,26.292211819752275,-2.8267244764436636,0.5937323503879434,3.1657568779701117,-1.2114298460066768,56.167984984797165,0.35131688654275817,3.945953289089932,1,0.8945757229169767,0.6025740845987183,78.76824617033975,7,0,0,1,872.5947179427867,-32.08694226054547
0.36920750259022056,0.9081270243220213,9.653455926567569,26.093947946048928,18.204603190431108,-1.954254010843345,4.757016711033285,1.484190744018614,92.8816500330573,0.11871673418740314,47.554603748682666,5,0.6133117786428037,0.09990886497860792,92.31912644281167,21,1,0,0,101.66965984877768,3.3562569428525535
0.5478850358715266,0.9274859802996414,5.347023902878576,32.25766623898692,25.675569547481246,-1.4516575021629647,3.008059100731656,0.5985851608129839,119.3105607263144,0.2561818887728953,54.302458395766315,4,1.337758782661981,0.2616640617144394,107.70068053216755,19,1,0,0,166.8715618693958,-30.313442846763564
0.9149611560120057,0.9452182667445324,8.537891552191478,29.810092317367133,15.98740787130509,-0.9610419245829604,4.095944297133951,2.603482578797596,67.64415552772252,0.052112401404173836,22.77497361032096,1,1.1852488643049783,0.24769561282143268,89.45106206156173,5,1,0,0,161.28674462261245,-19.66132890751689
0.30934885081696495,0.9951704158925069,5.202555444230327,27.238840242791312,27.785764500784214,1.2724978392057493,4.421032316742039,3.1230223934537054,13.297216091667769,0.19225566382240628,96.40288471655137,3,0.9052857532457383,0.13284391332324982,95.33965685939619,2,1,0,0,48.476567077149866,-7.096717865469344
0.45755228919277935,0.9032600696602391,11.182243774645961,17.09525544554688,8.792538598795534,1.5685064641064987,1.1403988597446624,0.06400829813153325,0.0,0.2438335343106322,90.9454610937242,2,0.9564095893462707,0.8051688659099063,94.38977081100897,23,1,0,0,211.20406385118486,-11.242059846542588
0.7751070474596048,0.8645912945882492,10.266022527329614,29.714683571359956,31.91216928222696,-1.7211000118157371,1.0602241995411332,-1.506835740692367,58.61438830463747,0.32611212977273624,72.21432354559059,3,0.7778695607500629,0.8816333085285356,90.119953494259,12,1,0,0,1036.3506714150449,31.124463003681967
0.29049431225229266,0.9590372389537407,4.25310755456278,43.82024496475034,40.0,-0.07306377678294852,3.0549049442549587,0.9199442858782328,0.0,0.47526552629310176,53.33866287653626,4,1.284051386488392,0.9740688346905974,88.99489287084735,12,1,0,0,80.64345919060287,-16.661440378676787
0.15082151704248956,0.8541664502524149,7.914712852863066,38.454200461549775,10.64593727472409,6.426811075835591,2.0551423490335234,-1.3554307395042122,0.0,0.30032553327417794,86.99691596476849,1,0.893056878437871,0.09565701817380928,81.42938667825132,1,0,0,1,189.9104493402212,-3.3295704105798904
0.3465713366806666,0.8877942841411273,6.936127848755443,40.931866266393975,9.65396974319074,5.182629510302134,4.1993065143336015,4.026774495053246,93.65598041576678,0.3717969580882799,13.065234382346292,4,0.7162582924905053,0.8832487339602502,92.26518435836729,4,1,0,0,45.78366622758021,0.83589859410678
0.22832358427368407,0.8156912762684533,9.105894672597046,19.88784323568815,32.44061372541241,1.3089710090220963,4.500115616990056,0.2730706621654749,140.39348410861953,0.2531330297476014,79.0509794274885,1,1.0427291763024944,0.7902751272043834,85.75098736740799,16,1,0,0,81.23767902204763,-11.976022094289547
0.9353218401551673,0.8050701486830916,2.1052296182596866,15.103951797414192,33.95486574876855,0.11401043450460085,1.7671068965135905,-0.7306431026242174,0.0,0.31705201568816566,12.48208139668483,5,0.827997327684292,0.8697598607255926,113.1913525235206,5,1,0,0,647.8081046383165,10.7750726775771
0.8234707491992637,0.992529682935585,7.058154379995318,23.74213079900352,8.72567967416078,0.3600939801547839,1.1843527948724102,0.3693606117298168,0.0,0.035466108066886715,79.42106625494054,2,0.7939970848273784,0.9051573342217456,102.16714888664868,1,1,0,0,347.97324424672007,3.52973847798512
0.6627314559895896,0.9671960241024412,8.175273460548762,25.557249122886947,9.95775819484971,1.84055391819125,3.902627576219309,-2.694252579059393,111.91542610051978,0.1271957904209235,27.576756825135696,5,0.9139801592476109,0.6181810001743183,68.20806156167481,3,0,0,1,896.4602236825522,-65.02662023857738
0.8817437429727003,0.9391948412187396,0.0,35.94191518470949,11.618584693673911,-3.068377695595217,1.3740301777406805,-1.943228077021303,255.74954697116988,0.18092654660256935,87.7090581018189,5,1.017271063100074,0.0925920383651953,69.04263002672884,21,0,0,1,1201.6251385368093,-40.56862347848414
0.8193783107471854,0.881790588882854,1.4502244620026747,8.075353702851807,-1.1334061324113245,-0.7721296122700354,4.113071592568392,2.4008278158888507,52.07937076754079,0.23624667750325679,94.40420938253979,4,0.7237780488170505,0.6906964737627778,88.04310196440953,10,1,0,0,153.92037465067787,1.0535699241958412
0.25164445417515297,0.8346588640141692,0.0,40.295503194606134,3.976176642189621,-5.00575222163277,2.118691268243814,-1.3137885579427915,0.0,0.022824372751191868,14.879596940511563,2,1.2770297850424648,0.8680130151230268,84.0704178384038,7,0,0,1,278.2948170952304,-36.761094290717836
0.9011542786107796,0.8312874085342172,4.191779496666327,23.419921014210107,2.9503107989751856,1.1976693678158377,3.337749496457352,-2.093821965363879,31.710355889515984,0.07001204877665884,46.267560506539354,1,1.1354319424131576,0.7873320743735254,87.25209122667113,11,1,0,0,1005.8032706118387,-117.87403682197657
0.5761948625623987,0.8500485796329191,7.152626767387886,20.7311893005258,5.786429218750459,1.9415878191082232,0.4776765691733409,1.0733055050545723,187.48764191481848,0.1384071538956529,98.09873781626851,1,0.9269274018454537,0.9094210967459548,99.7674219097847,7,1,0,0,153.10180333075203,1.20862635376497
0.8228449427509376,0.9098453329412242,9.507071156288085,14.878956247398323,14.583781351358628,-1.4495593868981218,3.119296623382865,2.371408309325994,0.0,0.4857663454505253,48.34074359731466,3,0.8193313027406004,0.1752706866665421,94.73603848316036,10,1,0,0,166.62494453882,3.0593059694188014
0.9044039959296138,0.9429191845400124,5.222284341259326,8.451433281342302,17.810576790438244,4.721960289870098,2.258838393686146,1.4379066213301335,0.0,0.16567350355152538,86.35475225145451,1,0.9821549094166672,0.35970414356987584,94.58443845687232,21,1,0,0,238.88910264667075,-12.552779922508051
0.3725631969741148,0.9320394753435463,9.885846636713875,33.231705839619146,33.606005913768925,-3.677296989007023,2.9330423158773704,1.9920953716116327,1.7256477817967575,0.24102052905604127,58.87315221313199,4,1.1798870081511443,0.7113882915710209,111.69291998243091,19,1,0,0,69.89038987641119,-5.515873664898535
0.18124777056546262,0.8559867793891885,0.8596956253553258,25.733179671884038,3.0197515111345083,-4.39312464062946,0.8400710387243171,-1.5135901771389215,0.0,0.09804885636919647,37.53299079196019,5,1.148916805439936,0.9411927981322366,69.16662668740382,7,0,0,1,220.66871346283432,-12.049829633867034
0.28970034953858637,0.9909730561326389,0.0,12.100391002589461,26.811868781719006,0.673355455679916,3.6843687247209105,-2.8436213334836875,62.26703159947955,0.30539003553788413,28.57835555258702,5,1.2117008600902357,0.3000113648568765,91.55908251223349,7,1,0,0,383.2961620846279,-47.33169903279202
0.47293916553615584,0.9475793833391537,4.833356903310143,12.04921227936384,12.432133869293892,3.1412949078364636,4.3139853877161425,3.0026673039109735,212.46784584695607,0.14034160775798715,20.322309108608728,5,0.9039245018039356,0.2126644095057932,81.31421178079118,16,0,0,1,81.18352688231947,-5.764817656467898
0.8325735846486937,0.9108708105022801,6.152196346817922,21.642153007098717,14.406435484170805,5.051783074373606,1.0836990004538782,-0.6453596776842715,82.30792731160291,0.10349628921921339,76.17981913776973,2,0.5,0.2151131738965506,111.53153678759028,19,1,0,0,797.8811757875106,94.66480039127885
0.871872136595836,0.9223441492468705,4.901915755717721,41.69021525289393,23.09783390599924,-1.37665278860682,0.47857277760080863,-0.5016660329100947,24.76464978737124,0.25828631422298953,38.65405068230279,1,1.2495622395832493,0.11123980602654258,60.0,19,0,1,0,1106.5638496657514,-99.68539645505484
0.08639596008869545,0.883920012485558,0.0,22.40408648636395,1.5273357412524167,3.2360425002938866,0.11819293023168198,2.656388283698116,20.81887310844559,0.0027528995802104106,51.12754622007512,4,0.9665607713855296,0.6862003035470204,60.0,22,0,1,0,16.714909861353174,0.6906624752630144
0.5498875183713605,0.8495461979002316,4.732639881461635,9.968570468818939,19.588916954208607,-0.11552540850212162,3.2098575022163303,1.1124600188013198,0.0,0.0038320163246126637,49.23254800011819,2,1.1332332130943323,0.11520213836961646,94.56954444522076,15,1,0,0,145.11614317769684,-11.713899233708617
0.4640181228968767,0.8711945357302523,1.0865914984854403,22.542569359140558,16.99742649855667,-0.5178818998224589,3.035470180443904,0.9117755441632153,138.3109777147159,0.10953440455092889,57.727902923313124,3,1.3338457509280603,0.22253120290283174,106.8944483898622,13,1,0,0,119.30314309684447,-17.36492919209853
0.28433918563307187,0.9515692220928739,7.009017646490116,22.2727643025233,20.909415168097787,2.650979812460017,2.73348706357035,4.330004689802168,42.216280298719795,0.01836068125041057,86.55771456245522,4,1.4868817266475365,0.011662074408835599,101.59881481975575,10,1,0,0,25.113422931356936,-12.559126892112609
0.1902761379469882,0.8028786977259512,6.099794738290544,-1.9688664294157165,18.470023726893817,1.9569686352402589,1.1597354805798772,-1.287036460760286,31.952008640937436,0.05401287706534569,98.07393435834294,4,0.8700357043718359,0.3628995777425623,77.98528810023437,6,0,0,1,231.0223024480337,1.8693156832317186
0.3906059576913377,0.8232145281013833,2.180360641017934,24.457051334821877,40.0,-4.729176470952748,1.9545299795275732,1.8556802561624743,369.3107567844861,0.1694303246693758,40.758420857381694,4,1.026791981433129,0.6756556400091939,112.5963258300237,15,1,0,0,69.66182437540297,-2.6013780831506494
0.9474769275995176,0.8092005284043506,3.4583992479899193,22.69065469791322,7.347120188984208,4.429621049177687,2.9723816759308654,0.11402624979416918,79.87529083656862,0.40129283978990643,82.7518922106303,5,1.2733672921210892,0.9689469938680412,71.52796877108688,12,0,0,1,407.57739904333533,-62.14845826452205
0.3773466974590948,0.808145760463794,1.8223594343331453,31.962063648134183,8.628036539978188,4.140274062442355,2.483834294295847,0.5371845577265147,0.0,0.2860243216846504,76.45277946547176,4,0.8311441962954008,0.8782498609416232,109.61226284315018,14,1,0,0,111.66136968368788,-0.42284464990122217
0.5572873720038969,0.9710921168022014,4.811962708180484,43.48956094945345,7.522313682902828,-1.8766881045285881,4.938927601074436,3.0569368528250633,7.364240379445669,0.2563338629782082,57.352895145557326,1,0.8835776812419144,0.8443082922740155,73.51157624462785,23,0,0,1,87.98256965662023,-12.583920551085015
0.7267774421835637,0.9407315718760048,7.865426961503715,36.26565029547757,8.334274570076944,1.1874106003122271,0.6821987627836656,1.0156715125792475,164.84457091967548,0.14674441160406082,95.60471436119332,4,0.882392284308225,0.6799365085127758,84.72263741494167,15,0,0,1,238.91799821822633,5.252859724648459
0.4145392341889505,0.894834765817465,2.042821860993369,22.311113094451695,7.351354472321788,1.4820905588482165,3.4757227702379687,1.076592158099266,61.32704105377645,0.4658768597164082,20.04745155284028,5,0.9943819373183955,0.6222100131236602,99.58904306785377,20,1,0,0,108.46443669996837,-6.52943138551197
0.9740395161032839,0.8195668321302003,6.512139546553533,13.9347409125833,29.268198373290623,0.7820212974717213,2.0215938405214606,2.1450146746196044,0.0,0.19850752061859583,10.92642103096214,4,0.9559752639420059,0.8273859594031759,68.00688253655753,22,0,0,1,189.24063979390195,-1.958213950780248
0.9654515113467423,0.8983231750233664,3.409227144882678,45.0,32.04605097587826,-1.6509154615362602,2.1409980746280737,-0.7299054590857706,141.92289345752036,0.043546383397885746,85.39619669554222,3,0.8812409355487352,0.8606062733315569,112.03535096311151,23,1,0,0,730.6252512896116,-16.839304709413796
0.31163971215933506,0.8946943541561132,2.6213815032129677,25.592184340144883,8.151044475006284,-2.0148701038141548,3.5879888282908814,-1.6784193346780127,0.0,0.30853325805890064,43.91498166337483,3,0.8068485168787481,0.6843125797418753,84.63084252898028,8,0,0,1,413.4773266089383,-4.756109890751645
0.5374686254209946,0.8346403739820031,4.678908920136326,25.139292919129463,5.011733122749256,-0.07666221297433584,3.4621807566218483,-2.089618388042067,237.32977762175454,0.056919196738300704,84.69688542070605,5,1.1623880656790584,0.8225824823301826,92.05914203517433,2,1,0,0,593.6042257818974,-79.28529600556078
0.3568080450314281,0.8867703298475946,1.8942730327418777,24.758749128899968,20.656986676636848,3.518187057778094,4.956279968510941,-3.9327131787520035,158.00480657146485,0.17261157140084604,89.30902051954149,1,1.2675662041932234,0.0200857726761821,107.43301183561128,18,1,0,0,398.6365470062856,-75.97363467090679
0.3420532548272702,0.8797009468794748,3.339052083958454,26.98084760767855,8.37332346862834,1.630800463783297,0.6419714472706262,4.112414259880644,5.267810434124892,0.25370596935890444,6.245759361907144,1,1.296542958834483,0.934026378182008,78.10311982249276,19,0,0,1,39.40056318315812,-5.072828642271411
0.11393599156617018,0.9231700196104433,1.4063663222334546,23.556395880760572,22.595181813066134,-1.1118429962583178,0.5205482469208317,-2.2064167314433663,178.10163617351128,0.4371112623425879,88.34647629860606,2,0.9037852885231031,0.1518467057806681,105.91220529383084,4,1,0,0,161.25406650845667,3.480629155741724
0.6407991872615051,0.9270187301735288,10.894175398749168,19.263379931197637,17.435076250215598,2.315096131945034,3.6216940856437057,-0.442507247171544,56.78555105274033,0.24677329017005933,44.831905536942216,5,1.1707449344514556,0.12663470396346047,114.60800356338555,9,1,0,0,367.2135567943909,-56.74339059553523
0.5424647013705526,0.809060801954409,5.105790655915186,19.531410587596078,-3.1889293799667833,-8.545627861890226,2.8919345850320455,-0.5536265997778413,135.27736751222196,0.35112938301583213,51.04324890042322,4,1.047265180545555,0.7272198290203674,80.16631504005632,16,0,0,1,456.9920784510428,-42.543561478772915
0.1273604511499902,0.8749225229252943,2.9008234760222438,24.672467297840015,33.57006241596074,3.4462971011163104,1.3708033327990292,0.6148133956182014,98.47328172944748,0.4964084194995352,62.659251109321026,5,0.8858657302773348,0.8997704023923234,110.54081508894441,14,1,0,0,39.511231558887516,0.23185717936451766
0.33635474709768254,0.9251719831428473,5.641939732202665,19.56575228866235,36.55053207714626,-5.219141336334299,0.397096844944933,1.631474425078593,0.0,0.06574455994899081,92.63826067300867,2,1.1468436437416394,0.772444962038802,63.591321086375956,22,0,1,0,83.14794922910681,-6.012015051739937
0.9156046150893214,0.9006272517160175,4.663015850927511,17.871542173228356,7.646535714187368,-1.0873228242093964,0.4282912479821527,1.7209469767194907,0.0,0.13736576275975976,1.911609442976403,5,0.8766789891909006,0.6350194656111122,95.84400592191851,7,1,0,0,210.85322161151004,3.742440978407984
0.3003969394136146,0.9712979682376645,4.337091201400332,26.06430227691897,10.34758128076819,-3.3590096838784316,4.470954373320591,-1.166154877137877,152.99608175811613,0.1972880377988232,47.68434683178171,5,0.9247646794436623,0.31238554545777414,71.57102226444287,14,0,0,1,398.7149436043796,-38.9474617715054
0.21330328232392526,0.9317387263237891,6.842500100130276,22.450227825791448,18.43038468869886,-3.8840444271627166,0.9593366235937145,-0.334243427572823,16.522466789345913,0.21091408926941568,68.77220424305607,2,0.724654059499274,0.1592911175832047,104.13852822804284,20,1,0,0,160.04018467883262,9.821077368523902
0.530296539455358,0.832586885416286,7.2725231301419155,40.039929885826886,19.0134814798443,3.482480362135558,1.6168578105776037,0.5651599009765993,9.635153675800328,0.20551053763277288,72.27069576982285,1,0.9071557805133548,0.17756153292796464,102.90684072633306,13,1,0,0,176.55896198691826,-4.414734523608757
0.9867984177817527,0.814113749480086,3.4084965571684176,-1.50969808393012,22.902531272073965,-1.4031036039356741,1.13328201113494,-0.49738225236709416,0.0,0.45380550127827746,69.2532431537108,4,1.050772241802917,0.3574378345800526,121.16069993386866,19,1,0,0,513.647685836424,-30.303510584776063
0.3026908497905804,0.9284838556412631,3.27254527806596,35.91506851922462,39.1224544651962,1.0395116451921473,1.7749815291596867,3.2146911520399852,92.3599065593461,0.3570163222334282,13.443512940812186,2,1.313786899135499,0.7175103624697563,111.31924474428749,6,1,0,0,42.63460604593709,-3.093410375538241
0.6983647036134083,0.8053022621083245,4.174844908545068,37.46085192497629,12.876633270071407,-0.1407617366375522,0.34711921373046684,0.9819499032765027,256.2524919243145,0.3039526070453519,29.93955883716812,3,0.9293009107596627,0.0032236413368479156,87.51343203597817,20,1,0,0,212.82700136026432,3.9443776794470295
0.7806900461024202,0.9171551162546927,0.0,4.266097675918505,5.420433065538555,1.4311224816693644,2.595298954541352,1.469755572099635,0.0,0.15468635893139104,35.87155254170135,1,0.7923661705826132,0.854837880329777,73.7737876905174,22,0,0,1,213.73663939748744,1.4841828279727736
0.2986265404730077,0.9880460482849915,0.4544268134043439,21.573124059196513,-1.5518307361743267,0.23046567318076608,0.3380628179610745,1.3257625373348254,52.42194566727581,0.41189519211064735,80.4437207679505,3,1.299473794186825,0.8389169681413877,98.48530619504085,11,1,0,0,73.10657532508445,-10.637007758649972
0.7499590407229109,0.9150948355751758,9.100622802333573,21.285591340042085,6.228839520696971,-3.848976672565709,4.001782539111808,2.34694771497065,191.22205554154291,0.47753025574249447,27.875987241455302,1,0.8990895125831565,0.8613533993914723,89.08902884421761,16,1,0,0,138.44248088453278,-8.419511688852282
0.418360482101713,0.8776339852413044,9.93490314050385,10.924883052821787,14.602476325514434,2.9888004583414203,1.1685604095521651,0.3620431174074139,42.03586087542848,0.41059914127511327,21.070496386720315,4,0.650323668771827,0.3072512713523529,113.26732566893556,16,1,0,0,164.58427138582627,11.138094311561048
0.6617213641460932,0.9286576436884707,4.252891881330865,17.221833124091248,36.53469436221345,-1.4812697494839375,2.700059573022553,-2.593663895911693,95.23717962497342,0.0007825525957364521,95.74480190380962,4,1.026618747027357,0.7182618166449941,60.0,9,0,1,0,863.9939421358857,-57.7749620734611
0.6628473339000232,0.8916505780983034,6.729670889167299,13.894241545341712,8.788664411565943,-4.669745695979254,4.400395437807291,0.7993759035052832,0.0,0.3182006850917035,0.88632851134689,5,0.935045305344165,0.8478463707779689,122.8208513893294,18,1,0,0,162.70049920657644,-15.190779067151482
0.5729127093487778,0.909123357863187,5.933750463630608,42.522704434236225,17.68545541966678,-1.2843454828977374,3.2543868452359708,-1.302713787583658,92.83070972076486,0.025567690721050362,99.78208556819781,3,1.4600791285370345,0.09980123187309671,97.97985911417706,13,1,0,0,641.4365564361224,-139.83593269236326
0.16306658845005564,0.988292961755305,14.236642425365712,34.35678393147461,14.802925247126975,4.502279371902933,2.6647889327566765,-1.0572333634995137,31.285573499545123,0.12880361016686093,67.68212988573956,1,1.0950732068694424,0.21898859594492748,77.80481817419442,10,0,0,1,215.69596169997678,-26.040380793981598
0.848478295942099,0.8772205275601549,8.358724734303731,37.71555094994159,29.260719281377007,2.5506652263404788,1.621668765576878,1.1727280375101865,148.5729995679863,0.029762350173885843,82.84692994491171,4,0.9707315292690328,0.740165300004079,101.0098384112785,1,1,0,0,205.90842618709772,-14.845386660607375
0.37511765977399697,0.9922381127647828,4.6162472255577,32.21672064043235,40.0,-1.0459564032235775,1.6650095652909895,2.4765661428672714,168.7386051564751,0.3018977264746939,29.461939634619316,2,0.8151005581488793,0.965172401909876,109.46132131934556,17,1,0,0,69.53293085487768,-2.378120922821722
0.2515970295678659,0.9810701283912128,2.1333786781987225,13.70948228782771,8.629574724956152,-1.0477731129552863,3.3474347759909504,0.0425431534721233,308.95636420186133,0.3432949567463034,1.4315277667059978,4,1.0660333682385934,0.7359080969195375,91.71520336955533,6,1,0,0,126.03187457379045,-11.860178650559504
0.1175131302303828,0.8391582269578594,0.1806610392272825,19.754797337202262,9.126726689781334,-0.9649051536521478,4.970696806105837,0.6176660251979276,107.96331732135756,0.05724381903295256,73.78695185615301,2,1.2913419900123588,0.7822476625749006,63.526194237827355,11,0,1,0,37.29159960206905,-7.4411246231857575
0.6236215077331825,0.8138722601750331,5.610390907601669,29.89374561227918,27.529930524828863,6.230243950682523,3.309195949246893,3.404429889270476,82.57963165821664,0.19191944152248974,83.41445970006758,1,1.062362836695452,0.2237621702909428,85.5922944547934,1,1,0,0,81.93512238988346,-6.645035988288143
0.7033592128948999,0.8201556002754854,2.73094776414709,12.778721911080545,23.182697875515736,1.14580635669466,2.7889170868501245,0.4815063589771365,69.4384301577336,0.228118254477771,74.04761319535191,4,0.8305140615764108,0.3313952535580964,105.59092579563207,19,1,0,0,239.54284750774156,-2.202342848333018
0.09526080261362767,0.80364436513031,0.7332388712069775,32.12998430172388,37.1604879088324,1.2901249415732088,3.6532525511962306,5.20336622836079,14.683370718931165,0.1845265108804583,14.285028730083859,4,1.1077612423503909,0.7387543905457542,97.44997101341062,17,1,0,0,9.711149401432953,0.6109584671038348
0.5511256136353385,0.8188885921511857,3.06028134727242,22.596746018418653,22.007138223911568,3.0908503620955265,2.3260280614185906,1.1310192912630883,83.84838434616911,0.06051250024259652,75.34279222569691,1,0.9902786210254368,0.2786780445746994,87.6523945374694,5,1,0,0,148.09830001145525,-8.40678698279089
0.28837611318210293,0.9366013546832714,1.7553559891568145,21.251791924504026,10.688494910555285,0.7163674770795405,0.3007117130039261,-3.5215255183116354,20.459858986097057,0.2094738950937377,76.8922782107641,4,1.0897226206636323,0.1297383230780223,109.62473746337153,23,1,0,0,385.4255576944889,-19.714629702492118
0.673558967176694,0.8142377296920459,10.061424905217695,32.10959968203492,22.087857968307713,-0.7771264374621094,2.8114840793895493,1.506683242209065,66.84609762696142,0.37558902390420906,65.85405156700548,2,0.9290385299631558,0.0935587725888814,101.08958761248445,9,1,0,0,143.96899094325954,-8.438687436103805
0.24041711468459215,0.8637951260587523,7.6449192708483515,29.4426331148604,28.30444296699489,-0.5890495472549349,4.788126422526901,0.7623167697655555,181.75975356079596,0.03550383226662773,76.61159327955862,4,0.9243409451477576,0.6569020959107261,102.24508733907516,19,1,0,0,61.55788738792389,-10.737933211949247
0.7156627190542687,0.968975062193891,4.976082076050148,21.3903383418092,24.84578617436837,-0.21480377824219185,0.8765147117882982,2.5795055081654916,0.0,0.040090007040951725,84.59214396777321,3,0.916444040513644,0.3428766628238355,83.84047962028798,14,0,0,1,149.73753916953484,0.851340237545088
0.43579651859649443,0.8046543871471652,9.439832416670079,36.59329803364248,21.087288373287574,-0.11166670952952477,3.4500244541033287,1.346362702539917,163.98785611290455,0.1773856459179921,61.360411423745845,5,1.1884476302994722,0.32817072810360803,82.38924477380851,4,0,0,1,102.63336803914639,-11.497988064553695
0.9417915896377957,0.9628936965177871,5.232104922942855,14.189366724001026,27.800096275069848,2.1828886309109397,1.0046684432952824,-0.27691196796754763,181.71150673398654,0.4708628558094625,8.860471396967906,2,0.9263549449517817,0.17622941120492294,64.50060418975468,19,0,1,0,1168.2492143340187,-14.292831051265466
0.2065192686143138,0.85637095495468,2.416147396015209,31.159356069442637,29.031547085348073,0.1558376574218983,2.6791384223654062,-2.4485964725787315,38.19314730089213,0.334286323361457,48.76278096672109,3,0.9080538537251546,0.9966784293489808,86.10912366094115,2,1,0,0,260.90831793354766,-4.377336986125329
0.39378104296623784,0.8236329655243313,9.569372231808972,30.931012579683838,31.585907892450326,2.1979202316467377,0.4833822482335981,-0.4180465145720504,0.0,0.3393349783362824,7.764933467160507,1,0.8115868196875267,0.816401159571065,104.03088080697192,4,1,0,0,240.01780446200485,9.484500291332893
0.18439563954134194,0.9393474330728302,6.616730131053976,21.904535606860097,22.78451865107571,-0.24214974032574696,2.2518546812909257,-1.7010409084185996,0.0,0.18095999541893248,40.75430310324308,2,1.0908027603433534,0.24773738165476455,86.9386005447662,7,1,0,0,241.41473706093348,-18.40261894854018
0.9307181288162778,0.9257885693559769,1.8882615370206308,28.26133022242118,12.994583036197747,0.23590557094827178,3.7808166444762303,-1.1610468996094454,179.69945465611093,0.2968303956042692,40.71064891256276,5,1.0623403604262438,0.18176126179198115,96.68308269793508,7,1,0,0,1176.010606762153,-116.46170066358764
0.8871522051105025,0.9754944027054105,4.428983965749175,12.488864236146968,16.760564237199873,-5.9946020535963225,1.7378576211949104,1.1771568088412192,47.713193770111786,0.005065592013871689,6.600984414024158,5,0.9102463551022738,0.312075707393198,106.6679903497992,7,1,0,0,254.2677593947549,-8.790992566791004
0.31730629749794315,0.9470142087607771,2.373145239845728,34.24027019206901,29.47810759810028,2.7489830241074444,3.32455862243609,3.3398090087028125,0.0,0.3180480232047711,34.88205339694793,1,0.8581242584884278,0.6793964298421397,95.59249487697949,11,1,0,0,50.7892085238805,0.9373809345388509
0.6871853223514447,0.9606961860769697,0.8516008071069912,23.15097863557011,5.196771948153167,1.039465427693978,3.977249803948646,0.7893430596459622,0.0,0.45664347378811837,11.099809879131485,1,1.3752346826455424,0.6659539106260554,97.05772142641203,23,1,0,0,191.9944695777984,-42.11243206336948
0.8318444241851186,0.8564069145142613,7.778532642594924,19.772769794809605,19.424079706474814,2.9940303295789565,4.635889097397263,-2.3917661240703687,134.0620026504553,0.3062867341724096,80.82352100092221,2,0.6239113889750324,0.183860327863829,69.63266306943669,22,0,0,1,1085.6820266126786,17.086051604273962
0.5907847466715054,0.8354879087559446,10.728249921410391,35.49009225836889,10.279934252071673,-8.688766134581067,1.1732104092772677,0.8892053364402814,104.67335682013793,0.4368492967331725,94.76880259644707,4,1.0986344006403443,0.17239356076832882,85.16152823847034,7,1,0,0,180.04257699184961,-14.546192243631424
0.567278532087526,0.9501229503281716,0.8042972785425764,17.956563094572406,15.34493787521781,6.265124114342182,1.9965795790465406,2.393262973291302,26.10679008303055,0.3619865277330469,7.231647525793861,1,1.2582807096432016,0.12179701309958034,115.89939759744892,10,1,0,0,99.82155241516685,-7.456144733300107
0.30250410762841556,0.9613669478534528,6.688907710071713,10.915387036364404,30.341422351287584,-0.4187688844655213,0.7620800666520872,-1.2195658086387644,13.317558818531216,0.060279208201845125,95.51152072917014,4,0.5,0.7365701078417193,91.5569577164414,13,1,0,0,500.74848929129286,64.52231329549943
0.1656545463814273,0.9981010284001347,3.0480722926345187,9.433708264760963,17.29318881623884,3.3245484502125495,4.962417510791876,-0.2680343333458354,10.82418509561781,0.45122665364292086,52.25765993367452,3,1.1588280120152359,0.02627684659586369,118.45107272994862,7,1,0,0,83.44443002611175,-13.431711513227597
0.9054384973170606,0.8825235353822853,3.538623848705911,31.060099513456397,15.557238577873786,-3.1197177813765924,4.635004839621477,0.029376389458394186,0.0,0.03322192217788744,29.95656779538739,5,0.9559490797007824,0.3548477268894794,79.15326554041579,23,0,0,1,534.4230942976673,-56.014369128634826
0.908384612590264,0.8744036171585566,3.2228182272833923,12.19570647503717,-1.318273691759031,1.8383217151877091,2.699785651402798,-1.56979662616448,211.5375689469442,0.2669837362738819,7.686207527616351,4,1.0512109728566519,0.6757573671539384,93.5092117820181,9,1,0,0,1103.0980970209218,-88.34408950922989
0.6624533406914065,0.9552825921483994,2.408027690960552,42.54794181984364,23.955042792326648,-3.160246689520968,4.210166471882106,1.296560867687718,17.76795307886601,0.07106856189672883,50.06242680704178,5,0.935352407095582,0.19875820740001957,84.25982343672197,6,0,0,1,197.80625737782412,-10.452661676836442
0.39190740776480465,0.8681607080506036,5.145564883834481,4.1807059211627795,22.745810173692906,-1.8713068820874152,2.604789886360211,-0.24189629721556313,171.71585208254965,0.005853305365452033,79.45155444907486,4,1.2150786891292154,0.3667768192803664,98.8797702768683,16,1,0,0,225.301881960877,-28.663516837521314
0.40127280864364806,0.986151465120713,2.5071496507668867,41.96456368290038,40.0,5.742094061600358,3.1179284400137988,0.8390648878140555,202.13160519224513,0.2110171300638195,70.70864772666981,3,1.0726238683342715,0.9619065366720472,103.42513002090182,3,1,0,0,116.53143279534756,-15.795734132724945
0.7478792245606203,0.9716825503686024,5.8113704773395165,27.110174672026183,11.306661180563994,-0.5720472022900398,0.4456221605800831,-1.7749843556042002,149.83108981479603,0.14752035382707812,5.022601146397376,1,1.0263439779068633,0.05220050564687369,99.03699143551351,12,1,0,0,1051.6800562208564,-38.37173221227795
0.905341439156371,0.8857988054750037,4.849285671652589,24.032868881296075,17.629803931967267,0.6522986195391687,3.7763521024840396,-0.8749166006468209,6.837968728195159,0.2430002468988015,7.290183536790352,3,0.8202278786082814,0.22616798704309696,105.62778215622043,3,1,0,0,1171.6750974605682,-31.250450567032885
0.8961195103239079,0.9501742135582995,4.283155859400771,19.550809131910505,17.992604204529062,2.610203192066262,0.6385674181761741,1.4447627156555427,90.37300903366095,0.2885999433672754,40.28732826326371,1,1.3764584467668377,0.17690091060782365,89.8024051721651,4,1,0,0,220.76691877854512,-35.90896427637142
0.797485502189014,0.9509085748169365,2.2773090138752066,28.991361143520706,33.92943935716169,1.4870456639178133,4.130338151262642,-0.745666304183534,47.580439360908386,0.02186953615447368,29.52904940479433,1,1.0019862039466543,0.7177066946548457,87.14207448504483,21,1,0,0,957.1058886560701,-89.09307840925237
